EventParameter;EventId;Debouncing method;TimeFailedThreshold;TimePassedThreshold;increment stepsize;decrement stepsize;FailedThreshold;PassedThreshold;jump up value;jump down value;CallbackGetFDC;
DTC_0x061a62_Event;1;CTR_CLASS;"-";"-";127;128;127;-128;0;0;"-";
DTC_0x452a62_Event;2;CTR_CLASS;"-";"-";12;128;127;-128;0;0;"-";
DTC_0x505602_Event;3;CTR_CLASS;"-";"-";6;128;127;-128;0;0;"-";
DTC_0x560e55_Event;4;CTR_CLASS;"-";"-";26;128;127;-128;0;0;"-";
DTC_0x600c96_Event;5;CTR_CLASS;"-";"-";12;128;127;-128;0;0;"-";
DTC_0xd01087_Event;6;CTR_CLASS;"-";"-";13;128;127;-128;0;0;"-";
DTC_0xd0c451_Event;7;CTR_CLASS;"-";"-";26;128;127;-128;0;0;"-";
DTC_0xd0c568_Event;8;CTR_CLASS;"-";"-";26;128;127;-128;0;0;"-";
DTC_0xd14b51_Event;9;CTR_CLASS;"-";"-";127;128;127;-128;0;0;"-";
DTC_0xd14c51_Event;10;CTR_CLASS;"-";"-";127;128;127;-128;0;0;"-";
DTC_0xd63451_Event;11;CTR_CLASS;"-";"-";16;128;127;-128;0;0;"-";
DTC_0xdc4088_Event;12;CTR_CLASS;"-";"-";4;128;127;-128;0;0;"-";
DTC_0xe01104_Event;13;CTR_CLASS;"-";"-";6;128;127;-128;0;0;"-";
DTC_0xe01149_Event;14;CTR_CLASS;"-";"-";6;128;127;-128;0;0;"-";
DTC_0xec3682_Event;15;CTR_CLASS;"-";"-";11;128;127;-128;0;0;"-";
DTC_0xed3683_Event;16;CTR_CLASS;"-";"-";10;128;127;-128;0;0;"-";
DTC_0xee0068_Event;17;CTR_CLASS;"-";"-";10;128;127;-128;0;0;"-";
DTC_0xee0168_Event;18;CTR_CLASS;"-";"-";10;128;127;-128;0;0;"-";
DTC_0xee0368_Event;19;CTR_CLASS;"-";"-";7;128;127;-128;0;0;"-";
DTC_0xee0468_Event;20;CTR_CLASS;"-";"-";7;128;127;-128;0;0;"-";
DTC_0xf00003_Event;21;CTR_CLASS;"-";"-";127;128;127;-128;0;0;"-";
DTC_0xf00004_Event;22;CTR_CLASS;"-";"-";127;128;127;-128;0;0;"-";
DTC_0xf00044_Event;23;CTR_CLASS;"-";"-";127;128;127;-128;0;0;"-";
DTC_0xf00045_Event;24;CTR_CLASS;"-";"-";127;128;127;-128;0;0;"-";
DTC_0xf00049_Event;25;CTR_CLASS;"-";"-";127;128;127;-128;0;0;"-";
DTC_0xf0004b_Event;26;CTR_CLASS;"-";"-";127;128;127;-128;0;0;"-";
DTC_0xf00092_Event;27;CTR_CLASS;"-";"-";127;128;127;-128;0;0;"-";
DTC_0xf00362_Event;28;CTR_CLASS;"-";"-";3;128;127;-128;0;0;"-";
