EventParameter;EventId;DTCClassRef;DemDtcValue;ComponentRef;DebounceAlgorithmClass;EventKind;FreezeFrameClassRef;ExtendedDataClassRef;CallbackClearEventAllowed;CallbackEventDataChanged;CallbackEventStatusChanged;CallbackInitMForE;EvBufferTime;Recoverable;EventConfirmationThreshold;DemRbDgsDfcName;demRbShiftView;EnableConditions;StorageConditions;IsReplacementEventOfStoco;OperationCycle;AgingCycle;
DTC_0x061a62_Event;1;DemDTC_DTC_0x061a62;399970;-;CounterBasedClass;DEM_EVENT_KIND_SWC;FreezeFrame_DTC_Snapshot_DidSet;ExtendedDataClass_DTC_All;-;-;[  -  ];-;0;DEM_RECOV;1;;;-;-;"-";DemOpCycle_DEM_IGNITION;-;
DTC_0x452a62_Event;2;DemDTC_DTC_0x452a62;4532834;-;CounterBasedClass;DEM_EVENT_KIND_SWC;FreezeFrame_DTC_Snapshot_DidSet;ExtendedDataClass_DTC_All;-;-;[  -  ];-;0;DEM_RECOV;1;;;-;-;"-";DemOpCycle_DEM_IGNITION;-;
DTC_0x505602_Event;3;DemDTC_DTC_0x505602;5264898;-;CounterBasedClass;DEM_EVENT_KIND_SWC;FreezeFrame_DTC_Snapshot_DidSet;ExtendedDataClass_DTC_All;-;-;[  -  ];-;0;DEM_RECOV;1;;;-;-;"-";DemOpCycle_DEM_IGNITION;-;
DTC_0x560e55_Event;4;DemDTC_DTC_0x560e55;12658311;-;CounterBasedClass;DEM_EVENT_KIND_SWC;FreezeFrame_DTC_Snapshot_DidSet;ExtendedDataClass_DTC_All;-;-;[  -  ];-;0;DEM_RECOV;1;;;-;-;"-";DemOpCycle_DEM_IGNITION;-;
DTC_0x600c96_Event;5;DemDTC_DTC_0x600c96;6294678;-;CounterBasedClass;DEM_EVENT_KIND_SWC;FreezeFrame_DTC_Snapshot_DidSet;ExtendedDataClass_DTC_All;-;-;[  -  ];-;0;DEM_RECOV;1;;;-;-;"-";DemOpCycle_DEM_IGNITION;-;
DTC_0xd01087_Event;6;DemDTC_DTC_0xd01087;13635719;-;CounterBasedClass;DEM_EVENT_KIND_SWC;FreezeFrame_DTC_Snapshot_DidSet;ExtendedDataClass_DTC_All;-;-;[  -  ];-;0;DEM_RECOV;1;;;-;-;"-";DemOpCycle_DEM_IGNITION;-;
DTC_0xd0c451_Event;7;DemDTC_DTC_0xd0c451;13681745;-;CounterBasedClass;DEM_EVENT_KIND_SWC;FreezeFrame_DTC_Snapshot_DidSet;ExtendedDataClass_DTC_All;-;-;[  -  ];-;0;DEM_RECOV;1;;;-;-;"-";DemOpCycle_DEM_IGNITION;-;
DTC_0xd0c568_Event;8;DemDTC_DTC_0xd0c568;13682024;-;CounterBasedClass;DEM_EVENT_KIND_SWC;FreezeFrame_DTC_Snapshot_DidSet;ExtendedDataClass_DTC_All;-;-;[  -  ];-;0;DEM_RECOV;1;;;-;-;"-";DemOpCycle_DEM_IGNITION;-;
DTC_0xd14b51_Event;9;DemDTC_DTC_0xd14b51;13716305;-;CounterBasedClass;DEM_EVENT_KIND_SWC;FreezeFrame_DTC_Snapshot_DidSet;ExtendedDataClass_DTC_All;-;-;[  -  ];-;0;DEM_RECOV;1;;;-;-;"-";DemOpCycle_DEM_IGNITION;-;
DTC_0xd14c51_Event;10;DemDTC_DTC_0xd14c51;13716561;-;CounterBasedClass;DEM_EVENT_KIND_SWC;FreezeFrame_DTC_Snapshot_DidSet;ExtendedDataClass_DTC_All;-;-;[  -  ];-;0;DEM_RECOV;1;;;-;-;"-";DemOpCycle_DEM_IGNITION;-;
DTC_0xd63451_Event;11;DemDTC_DTC_0xd63451;14038097;-;CounterBasedClass;DEM_EVENT_KIND_SWC;FreezeFrame_DTC_Snapshot_DidSet;ExtendedDataClass_DTC_All;-;-;[  -  ];-;0;DEM_RECOV;1;;;-;-;"-";DemOpCycle_DEM_IGNITION;-;
DTC_0xdc4088_Event;12;DemDTC_DTC_0xdc4088;14434440;-;CounterBasedClass;DEM_EVENT_KIND_SWC;FreezeFrame_DTC_Snapshot_DidSet;ExtendedDataClass_DTC_All;-;-;[  -  ];-;0;DEM_RECOV;1;;;-;-;"-";DemOpCycle_DEM_IGNITION;-;
DTC_0xe01104_Event;13;DemDTC_DTC_0xe01104;14684420;-;CounterBasedClass;DEM_EVENT_KIND_SWC;FreezeFrame_DTC_Snapshot_DidSet;ExtendedDataClass_DTC_All;-;-;[  -  ];-;0;DEM_RECOV;1;;;-;-;"-";DemOpCycle_DEM_IGNITION;-;
DTC_0xe01149_Event;14;DemDTC_DTC_0xe01149;14684489;-;CounterBasedClass;DEM_EVENT_KIND_SWC;FreezeFrame_DTC_Snapshot_DidSet;ExtendedDataClass_DTC_All;-;-;[  -  ];-;0;DEM_RECOV;1;;;-;-;"-";DemOpCycle_DEM_IGNITION;-;
DTC_0xec3682_Event;15;DemDTC_DTC_0xec3682;15480450;-;CounterBasedClass;DEM_EVENT_KIND_SWC;FreezeFrame_DTC_Snapshot_DidSet;ExtendedDataClass_DTC_All;-;-;[  -  ];-;0;DEM_RECOV;1;;;-;-;"-";DemOpCycle_DEM_IGNITION;-;
DTC_0xed3683_Event;16;DemDTC_DTC_0xed3683;15545987;-;CounterBasedClass;DEM_EVENT_KIND_SWC;FreezeFrame_DTC_Snapshot_DidSet;ExtendedDataClass_DTC_All;-;-;[  -  ];-;0;DEM_RECOV;1;;;-;-;"-";DemOpCycle_DEM_IGNITION;-;
DTC_0xee0068_Event;17;DemDTC_DTC_0xee0068;15597672;-;CounterBasedClass;DEM_EVENT_KIND_SWC;FreezeFrame_DTC_Snapshot_DidSet;ExtendedDataClass_DTC_All;-;-;[  -  ];-;0;DEM_RECOV;1;;;-;-;"-";DemOpCycle_DEM_IGNITION;-;
DTC_0xee0168_Event;18;DemDTC_DTC_0xee0168;15597928;-;CounterBasedClass;DEM_EVENT_KIND_SWC;FreezeFrame_DTC_Snapshot_DidSet;ExtendedDataClass_DTC_All;-;-;[  -  ];-;0;DEM_RECOV;1;;;-;-;"-";DemOpCycle_DEM_IGNITION;-;
DTC_0xee0368_Event;19;DemDTC_DTC_0xee0368;15598440;-;CounterBasedClass;DEM_EVENT_KIND_SWC;FreezeFrame_DTC_Snapshot_DidSet;ExtendedDataClass_DTC_All;-;-;[  -  ];-;0;DEM_RECOV;1;;;-;-;"-";DemOpCycle_DEM_IGNITION;-;
DTC_0xee0468_Event;20;DemDTC_DTC_0xee0468;15598696;-;CounterBasedClass;DEM_EVENT_KIND_SWC;FreezeFrame_DTC_Snapshot_DidSet;ExtendedDataClass_DTC_All;-;-;[  -  ];-;0;DEM_RECOV;1;;;-;-;"-";DemOpCycle_DEM_IGNITION;-;
DTC_0xf00003_Event;21;DemDTC_DTC_0xf00003;15728643;-;CounterBasedClass;DEM_EVENT_KIND_SWC;FreezeFrame_DTC_Snapshot_DidSet;ExtendedDataClass_DTC_All;-;-;[  -  ];-;0;DEM_RECOV;1;;;-;-;"-";DemOpCycle_DEM_IGNITION;-;
DTC_0xf00004_Event;22;DemDTC_DTC_0xf00004;15728644;-;CounterBasedClass;DEM_EVENT_KIND_SWC;FreezeFrame_DTC_Snapshot_DidSet;ExtendedDataClass_DTC_All;-;-;[  -  ];-;0;DEM_RECOV;1;;;-;-;"-";DemOpCycle_DEM_IGNITION;-;
DTC_0xf00044_Event;23;DemDTC_DTC_0xf00044;15728708;-;CounterBasedClass;DEM_EVENT_KIND_SWC;FreezeFrame_DTC_Snapshot_DidSet;ExtendedDataClass_DTC_All;-;-;[  -  ];-;0;DEM_RECOV;1;;;-;-;"-";DemOpCycle_DEM_IGNITION;-;
DTC_0xf00045_Event;24;DemDTC_DTC_0xf00045;15728709;-;CounterBasedClass;DEM_EVENT_KIND_SWC;FreezeFrame_DTC_Snapshot_DidSet;ExtendedDataClass_DTC_All;-;-;[  -  ];-;0;DEM_RECOV;1;;;-;-;"-";DemOpCycle_DEM_IGNITION;-;
DTC_0xf00049_Event;25;DemDTC_DTC_0xf00049;15728713;-;CounterBasedClass;DEM_EVENT_KIND_SWC;FreezeFrame_DTC_Snapshot_DidSet;ExtendedDataClass_DTC_All;-;-;[  -  ];-;0;DEM_RECOV;1;;;-;-;"-";DemOpCycle_DEM_IGNITION;-;
DTC_0xf0004b_Event;26;DemDTC_DTC_0xf0004b;15728715;-;CounterBasedClass;DEM_EVENT_KIND_SWC;FreezeFrame_DTC_Snapshot_DidSet;ExtendedDataClass_DTC_All;-;-;[  -  ];-;0;DEM_RECOV;1;;;-;-;"-";DemOpCycle_DEM_IGNITION;-;
DTC_0xf00092_Event;27;DemDTC_DTC_0xf00092;15728786;-;CounterBasedClass;DEM_EVENT_KIND_SWC;FreezeFrame_DTC_Snapshot_DidSet;ExtendedDataClass_DTC_All;-;-;[  -  ];-;0;DEM_RECOV;1;;;-;-;"-";DemOpCycle_DEM_IGNITION;-;
DTC_0xf00362_Event;28;DemDTC_DTC_0xf00362;15729506;-;CounterBasedClass;DEM_EVENT_KIND_SWC;FreezeFrame_DTC_Snapshot_DidSet;ExtendedDataClass_DTC_All;-;-;[  -  ];-;0;DEM_RECOV;1;;;-;-;"-";DemOpCycle_DEM_IGNITION;-;


